Entity Name,Description,Category
blendr.report,"<a href=""https://www.instagram.com/blendr.report/"">Daily opinions from the people that brought you Blendr</a>

94600 followers","Anti-Trans,Anti-reconciliation,Anti-vaccine,Misinformation,Conspiracies,Anti-immigration,White identity,""Tough on crime"",Anti-tax,Anti-regulation,Anti-left propoganda"
itsjonathanharvey,"<a href=""https://www.instagram.com/itsjonathanharvey/"">Entrepreneur</a>

112000 followers","Anti-Trans,Anti-reconciliation,Anti-vaccine,Misinformation,Conspiracies,Anti-immigration,White identity,""Tough on crime"",Anti-tax,Anti-regulation,Anti-left propoganda"
liam.out.loud,"<a href=""https://www.instagram.com/liam.out.loud/"">Aspiring Autodidactic Philosophical Savage Lifeâ€”Wisdomâ€”Strengthâ€”Discipline</a>

107000 followers","Anti-Trans,Anti-reconciliation,Anti-vaccine,Misinformation,Conspiracies,Anti-immigration,White identity,""Tough on crime"",Anti-tax,Anti-regulation,Anti-left propoganda"
401_da_sarpanch,"<a href=""https://www.instagram.com/401_da_sarpanch/"">#1 In ğŸ‡¨ğŸ‡¦ Trucking | Traffic | Border | Police | Breaking | ALL DMâ€™s</a>

141000 followers","Anti-China,Anti-immigration,Overt racism,""Tough on crime"",Anti-government,Pro-fossil fuels industry,MAGA,Pro-Conservative Party,Anti-left propoganda"
bertaprouddad,"<a href=""https://www.instagram.com/bertaprouddad/"">ğŸ‡¨ğŸ‡¦ Father. Husband. Blue-collar patriot. Fighting for truth, family & freedom.</a>

186000 followers","Anti-Trans,Alberta separatist,Anti-China,Anti-immigration,Pro-fossil fuels industry,Anti-union,MAGA,Pro-Conservative Party,Pro-UCP,Anti-left propoganda"
nuancedpodcast,"<a href=""https://www.instagram.com/nuancedpodcast/""></a>

2300 followers","Anti-reconciliation,Pro-Conservative Party,Anti-left propoganda"
fraser_institute,"<a href=""https://www.instagram.com/fraser_institute/"">ğŸ‡¨ğŸ‡¦ #1 think tank</a>

7179 followers","Anti-tax,Anti-regulation,Climate change denial,Pro-fossil fuels industry,Anti-union,Pro-Conservative Party,Anti-left propoganda,Corporate propoganda"
the_barefoot_truther,"<a href=""https://www.instagram.com/the_barefoot_truther/"">Empowering ğ™·ğš˜ğš•ğš’ğšœğšğš’ğšŒ Leaders Exposing ğš™ğ™·ğ™°ğšğ™¼ğšŠ Lies | Pro-ğ™µğš›ğšğšğšğš˜ğš–</a>

101000 followers","Anti-vaccine,Misinformation,Conspiracies"
proudcanuck78,"<a href=""https://www.instagram.com/proudcanuck78/"">Digital creator</a>

84300 followers","Anti-Trans,Anti-immigration,White identity,""Tough on crime"",Anti-tax,Anti-regulation,Climate change denial,MAGA,Pro-Conservative Party,Anti-left propoganda"
rightcallpodcast,"<a href=""https://www.instagram.com/rightcallpodcast/"">Voicing what we all quietly think ğŸ‡¨ğŸ‡¦ Politics & world news without the sugar coat</a>

17000 followers","Anti-immigration,Anti-tax,Anti-regulation,Climate change denial,MAGA,Anti-left propoganda"
hrh_elliot,"<a href=""https://www.instagram.com/hrh_elliot/"">ceo, adventurer, renegade... host @rightcallpodcast</a>

104000 followers","Anti-immigration,Anti-tax,Anti-regulation,Climate change denial,MAGA,Anti-left propoganda"
bboykovik,"<a href=""https://www.instagram.com/bboykovik/""></a>

913 followers","Anti-vaccine,Misinformation,Conspiracies,White identity,Anti-government,MAGA,Pro-Conservative Party,Anti-left propoganda"
candicemalcolm,"<a href=""https://www.instagram.com/candicemalcolm/"">Journalist & author</a>

16300 followers","Anti-Trans,Misinformation,Conspiracies,Christian identity,Alberta separatist,Anti-immigration,White identity,""Tough on crime"",Anti-government,Anti-tax,Anti-regulation,Pro-Conservative Party,Anti-left propoganda"
the_goose_media,"<a href=""https://www.instagram.com/the_goose_media/"">Honking at the end of the world from Canada ğŸ‡¨ğŸ‡¦</a>

21200 followers","Pro-LGBTQ rights,Pro-environment,Anti-fossil fuels,Anti-corporate,Anti-MAGA,Anti-misinformation"
mario4thenorth,"<a href=""https://www.instagram.com/mario4thenorth/"">Proud Canadian ğŸ‡¨ğŸ‡¦</a>

350000 followers","Anti-Trans,Anti-China,Anti-immigration,""Tough on crime"",Pro-Conservative Party,Anti-left propoganda"
begreat.podcast,"<a href=""https://www.instagram.com/begreat.podcast/"">The Be Great podcast seeks to inspire high performers</a>

6400 followers","Anti-Trans,Anti-vaccine,Misinformation,Conspiracies,Anti-immigration,White identity,Overt racism,""Tough on crime"",Anti-tax,Anti-regulation,Anti-union,Anti-left propoganda"
david.farrow,"<a href=""https://www.instagram.com/david.farrow/"">""A seasoned soul with a young fire. Leading with wisdom, living with heart.""</a>

5600 followers","Misinformation,Conspiracies,Christian identity,Anti-China,Anti-immigration,Overt racism,Anti-tax,Anti-regulation,Climate change denial,Anti-left propoganda"
the_canadian_peoples_union,"<a href=""https://www.instagram.com/the_canadian_peoples_union/"">Canadians need to stand up! They want us divided.</a>

129000 followers",
benmulroneyshow,"<a href=""https://www.instagram.com/benmulroneyshow/"">Yes, that Ben Mulroney. Syndicated Talk Show Host.</a>

73600 followers","Anti-reconciliation,Anti-immigration,""Tough on crime"",Anti-left propoganda"
wearecanadaproud,"<a href=""https://www.instagram.com/wearecanadaproud/"">Fighting for the values and policies that benefit working Canadians.</a>

320000 followers","Anti-Trans,Misinformation,Conspiracies,Anti-immigration,""Tough on crime"",Anti-tax,Anti-regulation,Climate change denial,Pro-Conservative Party,Anti-left propoganda"
iamrobinskies,"<a href=""https://www.instagram.com/iamrobinskies/"">Honest commentary about what matters most. Let's chat about the news, politics, culture, history & religion</a>

32600 followers","Anti-Trans,Misinformation,Conspiracies,Christian identity,Anti-immigration,White identity,Overt racism,""Tough on crime"",MAGA,Anti-left propoganda"
officiallaurabilotta,"<a href=""https://www.instagram.com/officiallaurabilotta/"">Empowering women in Love & Life thru fashion, healthy living & activity.</a>

41200 followers",
mttmmedia,"<a href=""https://www.instagram.com/mttmmedia/""></a>

36000 followers","Anti-Trans,Anti-vaccine,Misinformation,Conspiracies,Anti-immigration,Overt racism,Anti-government,Pro-Conservative Party,Anti-left propoganda"
belz_iam,"<a href=""https://www.instagram.com/belz_iam/"">Politics and current events</a>

21000 followers","Anti-Trans,Misinformation,Conspiracies,Anti-China,""Tough on crime"",Climate change denial,MAGA,Anti-left propoganda"
conservativesikhscanada,"<a href=""https://www.instagram.com/conservativesikhscanada/"">Conservative Sikhs of Canada ğŸ‡¨ğŸ‡¦</a>

2000 followers","""Tough on crime"",Pro-Conservative Party,Anti-left propoganda"
lifewithsonduren,"<a href=""https://www.instagram.com/lifewithsonduren/"">Everything life in Canada ğŸ‡¨ğŸ‡¦</a>

100000 followers","Anti-Trans,""Tough on crime"""
ccfr_ccdaf,"<a href=""https://www.instagram.com/ccfr_ccdaf/"">Canada's Gun Lobby ğŸ‡¨ğŸ‡¦</a>

58000 followers","""Tough on crime"",Anti-left propoganda"
straightouttathe6ixtv,"<a href=""https://www.instagram.com/straightouttathe6ixtv/"">ğŸ‡¨ğŸ‡¦ Culture & Entertainment</a>

393000 followers","Anti-Trans,Misinformation,Conspiracies,Anti-China,Anti-immigration,White identity,Overt racism,""Tough on crime"""
jasminlaine,"<a href=""https://www.instagram.com/jasminlaine/"">Host of Over Opinionated</a>

77000 followers","Christian identity,Anti-immigration,Anti-tax,Anti-regulation,Climate change denial,Pro-Conservative Party,Anti-left propoganda"
jordan.b.peterson,"<a href=""https://www.instagram.com/jordan.b.peterson/"">Clinical Psychologist Best-Selling Author</a>

92000000 followers","Anti-Trans,Misinformation,Conspiracies,Christian identity,White identity,Anti-tax,Anti-regulation,Climate change denial,Anti-left propoganda"
preta6_,"<a href=""https://www.instagram.com/preta6_/"">writer @nationalpost @newwesttimes @reduxx.mag</a>

786 followers","Anti-Trans,Misinformation,Conspiracies,Pro-Conservative Party,Anti-left propoganda"
bettsnation,"<a href=""https://www.instagram.com/bettsnation/"">Boldly Exit The Traps of Society For the black sheep & freedom builders</a>

406000 followers","Anti-Trans,Anti-vaccine,Misinformation,Conspiracies,White identity,Anti-tax,Anti-regulation,Climate change denial,Anti-left propoganda"
shadoedavis,"<a href=""https://www.instagram.com/shadoedavis/?hl=en"">Host of â€œThe Shadoe at Nite Livestreamâ€ weeknights at 8 Central, Truth Seeker, Question asker</a>

3100 followers","Anti-Trans,Anti-reconciliation,Anti-vaccine,Misinformation,Conspiracies,Anti-immigration,Overt racism,Anti-government,Climate change denial,Pro-fossil fuels industry,MAGA,Anti-left propoganda"
the_rude_awakening_tour,"<a href=""https://www.instagram.com/the_rude_awakening_tour/?hl=en"">Mefloquine advocate on the move, driving across Canada,, bring awareness to Mefloquine toxicity.</a>

2782 followers","Anti-vaccine,Misinformation,Conspiracies"
canadaisforsale1,"<a href=""https://www.instagram.com/canadaisforsale1/?hl=en"">Canadaâ€™s Unfiltered Truth</a>

26000 followers","Anti-Trans,Anti-vaccine,Misinformation,Conspiracies,Anti-immigration,White identity,Overt racism,""Tough on crime"",MAGA,Pro-Conservative Party,Anti-left propoganda"
we.unify.canada,"<a href=""https://www.instagram.com/we.unify.canada/?hl=en"">We Unify is an independent and nonpartisan volunteer organization.</a>

4500 followers","Anti-Trans,Anti-vaccine,Misinformation,Conspiracies,Anti-tax,Anti-regulation,Climate change denial,Pro-fossil fuels industry,Anti-left propoganda"
freedomtrainn,"<a href=""https://www.instagram.com/freedomtrainn/?hl=en"">ÎœÎŸÎ›Î©Î Î›Î‘Î’Î• Alberta First.</a>

6700 followers","Anti-Trans,Misinformation,Conspiracies,Alberta separatist,Anti-immigration,Anti-tax,Anti-regulation,Pro-UCP,Anti-left propoganda"
613trending,"<a href=""https://www.instagram.com/613trending/"">Ottawa and beyond</a>

164000 followers",
montrealonly,"<a href=""https://www.instagram.com/montrealonly/"">Montreal's Guide to Food, Hotspots & Entertainment</a>

434000 followers",
yegwave,"<a href=""https://www.instagram.com/yegwave/"">Alberta Culture & Entertainment Page ğŸ‡¨ğŸ‡¦</a>

598000 followers",
everythingaboutcanada0,"<a href=""https://www.instagram.com/everythingaboutcanada0/"">Your ğŸ¥‡source for the best of Canada</a>

91000 followers",
armyofgreatmen,"<a href=""https://www.instagram.com/armyofgreatmen/"">Embrace healthy masculinity, personal growth, and life's challenges.</a>

116000 followers","Anti-Trans,Alberta separatist,Anti-immigration,Climate change denial,Pro-fossil fuels industry,Anti-union,Pro-UCP,Anti-left propoganda"
realctzn,"<a href=""https://www.instagram.com/realctzn/"">ğ˜›ğ˜³ğ˜ºğ˜ªğ˜¯ğ˜¨ ğ˜µğ˜° ğ˜£ğ˜³ğ˜ªğ˜¯ğ˜¨ ğ˜³ğ˜¦ğ˜¢ğ˜´ğ˜°ğ˜¯ ğ˜µğ˜° a ğ˜¤ğ˜°ğ˜¶ğ˜¯ğ˜µğ˜³ğ˜º ğ˜­ğ˜¢ğ˜¤ğ˜¬ğ˜ªğ˜¯ğ˜¨ ğ˜³ğ˜¦ğ˜¢ğ˜´ğ˜°ğ˜¯ ğŸ‡¨ğŸ‡¦</a>

5000 followers","Misinformation,Conspiracies,Alberta separatist,Anti-immigration,""Tough on crime"",Anti-tax,Anti-regulation,Climate change denial,Pro-fossil fuels industry,MAGA,Anti-left propoganda"
echipiuk,"<a href=""https://www.instagram.com/echipiuk/"">Lawyer âš–ï¸ | EntrepreneurğŸ§˜â€â™€ï¸ | Pisces ğŸ </a>

9700 followers","Anti-vaccine,Misinformation,Conspiracies,Alberta separatist,Anti-immigration,Anti-tax,Anti-regulation,Anti-union,Pro-UCP,Anti-left propoganda"
beautifulcanada_1,"<a href=""https://www.instagram.com/beautifulcanada_1/"">True North Strong & Free, Canada First</a>

60000 followers","Anti-Trans,Misinformation,Conspiracies,Christian identity,Anti-China,Anti-immigration,""Tough on crime"",MAGA,Pro-Conservative Party,Anti-left propoganda"
mrscurator,"<a href=""https://www.instagram.com/mrscurator/"">DR, PHD of making true observations Using AI</a>

19000 followers","Anti-Trans,Anti-vaccine,Misinformation,Conspiracies,Anti-immigration,White identity,Overt racism,""Tough on crime"",Anti-tax,Anti-regulation,Climate change denial,Anti-left propoganda"
forcanada2025,"<a href=""https://www.instagram.com/forcanada2025/"">Join our community for $6.99/month. Funds help us grow, cancel anytime, posts will remain public.</a>

86000 followers",
marcnixonofficial,"<a href=""https://www.instagram.com/marcnixonofficial/"">Real estate, economics, mortgages and politics in Canada</a>

54600 followers","Anti-Trans,Misinformation,Conspiracies,Christian identity,Anti-China,Anti-immigration,Overt racism,""Tough on crime"",Climate change denial,Pro-Conservative Party,Anti-left propoganda"
michelleferrericanada,"<a href=""https://www.instagram.com/michelleferrericanada/"">Politics. Purpose. Personality.</a>

117000 followers","Anti-Trans,Anti-China,Anti-immigration,""Tough on crime"",Pro-Conservative Party,Anti-left propoganda"
patriotcanadians,"<a href=""https://www.instagram.com/patriotcanadians/?hl=en"">Fueling the flames of patriotism as proud Patriot Canadians.</a>

45000 followers","Anti-immigration,""Tough on crime"",Pro-UCP,Anti-left propoganda"
mannybal2021,"<a href=""https://www.instagram.com/mannybal2021/?hl=en"">""Sponsor me! ğŸ“¸ Influencer & brand collaborations</a>

5400 followers","Misinformation,Conspiracies,Alberta separatist,Pro-Conservative Party,Pro-UCP,Anti-left propoganda"
truepatriotscanada,"<a href=""https://www.instagram.com/truepatriotscanada/?hl=en"">Fighting for a glorious & free nation</a>

12400 followers","Misinformation,Conspiracies,Christian identity,Anti-immigration,White identity,Overt racism,""Tough on crime"",Anti-government"
puckdaddy93,"<a href=""https://www.instagram.com/puckdaddy93/?hl=en"">ğŸ‡¨ğŸ‡¦Canada First Movement</a>

31500 followers","Anti-Trans,Anti-reconciliation,Misinformation,Conspiracies,Christian identity,Anti-China,Anti-immigration,White identity,Overt racism,""Tough on crime"",Anti-government"
secondsonsca,"<a href=""https://www.instagram.com/secondsonsca/?hl=en"">Canadian Men's Nationalist Club</a>

37800 followers","Misinformation,Conspiracies,Anti-immigration,White identity,Overt racism,""Tough on crime"",Anti-government"
standunited.canada,"<a href=""https://www.instagram.com/standunited.canada/?hl=en"">Bold truth. Strong faith. Real freedom</a>

4800 followers","Anti-Trans,Anti-vaccine,Misinformation,Conspiracies,Christian identity,Anti-immigration,White identity,""Tough on crime"",Anti-government,Anti-left propoganda"
6ixnewzz,"<a href=""https://www.instagram.com/6ixnewzz/?hl=en"">DM For Credit / Removal</a>

51000 followers","Anti-Trans,Misinformation,Conspiracies,Anti-immigration,White identity,Overt racism,""Tough on crime"",MAGA,Anti-left propoganda"
emmy_rocket,"<a href=""https://www.instagram.com/emmy_rocket/?hl=en"">Canada's favorite IG (HIStory buff) ÆA$3D. Å¦rue stories that mainstream won't cover</a>

2300 followers","Anti-Trans,Misinformation,Conspiracies,Christian identity,Anti-immigration,White identity,Overt racism"
nova_scotian_81,"<a href=""https://www.instagram.com/nova_scotian_81/?hl=en"">I â¤ï¸ Jesus âœï¸, Single, Imperfect Christian, Coffee</a>

887 followers",
universalostrichfarms,"<a href=""https://www.instagram.com/universalostrichfarms/?hl=en"">Katie, Karen & Dave welcome you to Universal Ostrich Farms</a>

2500 followers",Anti-government
ice cubes sandwiches,"<a href=""https://www.instagram.com/icecubesandwiches/?hl=en"">personal blog</a>

17200 followers","Misinformation,Conspiracies,Anti-immigration,White identity,Overt racism,""Tough on crime"",Climate change denial,Anti-left propoganda"
girlwiththenews,"<a href=""https://www.instagram.com/girlwiththenews/?hl=en"">Canadian news is blocked, journalists arenâ€™t!</a>

8800 followers",
dominionsoc,"<a href=""https://www.instagram.com/dominionsoc/?hl=en"">A vanguard movement promoting Canadian nationalism and immigration reform to preserve the distinct Canadian nation.</a>

25000 followers","Anti-reconciliation,Misinformation,Conspiracies,Anti-immigration,White identity,Overt racism,""Tough on crime"""
gregwycliff,"<a href=""https://www.instagram.com/gregwycliffe/?hl=en"">Free Speech â€¢ Comedy â€¢ Reporting watch ""The Hate Network"" trailer now</a>

15500 followers","Misinformation,Conspiracies,Anti-immigration,White identity,Overt racism"
dgvtyrie,"<a href=""https://www.instagram.com/dgvtyrie/?hl=en"">Canadian Nationalist ğŸ â€¢ Founder & Chairman @dominionsoc</a>

1200 followers","Misinformation,Conspiracies,Anti-immigration,White identity,Overt racism"
northernbigotrymatt,"<a href=""https://www.instagram.com/northernbigotrymatt/?hl=en"">Bigotry from the Great WHITE North</a>

4000 followers",
tammy.m.peterson,"<a href=""https://www.instagram.com/tammy.m.peterson/"">I help women of faith find clarity and strength through conversations on tradition, motherhood, and healing.</a>

101000 followers","Misinformation,Conspiracies,Christian identity"
capolitt,"<a href=""https://www.instagram.com/capolitt/?hl=en"">Canadian Politics | Latest News updates | No Spin</a>

8100 followers",
proud_pinko,"<a href=""https://www.instagram.com/proud_pinko/"">Comms and marketing @ualbertandp</a>

1100 followers","Anti-racism,Anti-corporate,Pro-worker,Anti-misinformation,Pro-NDP"
daveberta,"<a href=""https://www.instagram.com/daveberta/"">Writing and podcasting about Alberta politics and elections since 2005.</a>

3437 followers","Pro-worker,Anti-MAGA,Anti-misinformation"
bobkronbauer,"<a href=""https://www.instagram.com/bobkronbauer/"">Host of Now You Know BC</a>

99000 followers",
alberta.unchained,"<a href=""https://www.instagram.com/alberta.unchained/"">For the proud. For the free. For Alberta</a>

16000 followers","Anti-Trans,Misinformation,Conspiracies,Alberta separatist,Anti-China,Anti-immigration,Anti-tax,Anti-regulation,Pro-fossil fuels industry,Pro-Conservative Party,Anti-left propoganda"
canadainformed,"<a href=""https://www.instagram.com/canadainformed/"">Independent Canadian MEDIA Page ğŸ‡¨ğŸ‡¦</a>

23600 followers","""Tough on crime"""
jacobbbradshaw,"<a href=""https://www.instagram.com/jacobbbradshaw/"">Canadian Zoomer â˜¦ï¸ Lord Jesus Christ, have mercy on me a sinner.</a>

7100 followers","Misinformation,Conspiracies,Christian identity,White identity,Overt racism,Anti-left propoganda"
dacey_media,"<a href=""https://www.instagram.com/dacey_media/"">Independent Media - Ottawa, ON, Canada</a>

19200 followers","Anti-Trans,Misinformation,Conspiracies,Anti-government,Anti-left propoganda"
thekelsisherenperspective,"<a href=""https://www.instagram.com/thekelsisherenperspective/"">The KSP covers cracks in the media, culture, and leadership. One brutally honest conversation at a time.</a>

19600 followers","Anti-Trans,Misinformation,Conspiracies,Christian identity"
realnicolagan,"<a href=""https://www.instagram.com/realnicolagan/"">Independent Reporter | Podcaster</a>

48000 followers","Anti-Trans,Anti-vaccine,Misinformation,Conspiracies,Anti-immigration,White identity,""Tough on crime"",Anti-left propoganda"
national_firearms_association,"<a href=""https://www.instagram.com/national_firearms_association/"">From Coast to Coast for over 40 years, NFA has fought for the Rights and Freedoms of Canadians.</a>

12000 followers",Anti-left propoganda
truthseeker01011,"<a href=""https://www.instagram.com/truthseeker01011/"">Optimistic citizen searching for the truth in a world full of lies</a>

282000 followers","Anti-vaccine,Misinformation,Conspiracies,Christian identity,Anti-immigration,""Tough on crime"",Anti-tax,Anti-regulation,MAGA,Anti-left propoganda"
ungovernable_melissa,"<a href=""https://www.instagram.com/ungovernable_melissa/"">AWAKE not WOK</a>

227000 followers","Anti-Trans,Anti-vaccine,Misinformation,Conspiracies,Climate change denial,Anti-left propoganda"
dontgetplayedbypierre,"<a href=""https://www.instagram.com/dontgetplayedbypierre/"">Poilievre is pretending to care about you.</a>

5000 followers","Pro-environment,Anti-fossil fuels,Anti-corporate,Pro-worker,Anti-MAGA,Anti-misinformation,Anti-right propoganda"
policyalternatives,"<a href=""https://www.instagram.com/policyalternatives/"">The CCPA is Canadaâ€™s leading progressive policy research institute.</a>

11300 followers","Pro-Indigenous rights,Pro-LGBTQ rights,Anti-racism,Pro-environment,Anti-corporate,Pro-worker,Anti-MAGA,Anti-misinformation"
realtalkrj,"<a href=""https://www.instagram.com/realtalkrj/"">News, politics & pop culture with @RyanJespersen</a>

10200 followers",Anti-misinformation
therealmresq,"<a href=""https://www.instagram.com/therealmresq/"">Loving father & husband</a>

19500 followers","Misinformation,Conspiracies,Anti-tax,Anti-regulation,Anti-left propoganda"
lastchanceforcanada,"<a href=""https://www.instagram.com/lastchanceforcanada/"">Commentary on 11 Years of Liberal Government.</a>

9000 followers","Misinformation,Conspiracies,""Tough on crime"",Pro-Conservative Party,Anti-left propoganda"
savecanadaofficial,"<a href=""https://www.instagram.com/savecanadaofficial/""></a>

30000 followers","Anti-Trans,Anti-vaccine,Misinformation,Conspiracies,Anti-immigration,White identity,Overt racism,Anti-tax,Anti-regulation,Anti-left propoganda"
thekaylorbetts,"<a href=""https://www.instagram.com/thekaylorbetts/"">Comedy, Politics, Business.</a>

354000 followers","Anti-Trans,Anti-vaccine,Misinformation,Conspiracies,White identity,Anti-tax,Anti-regulation,Climate change denial,Anti-left propoganda"
thetallowedtruth,"<a href=""https://www.instagram.com/thetallowedtruth/"">For Fat & Freedom. Fighting â€œBig Scentâ€ with ğŸ„ based cosmetics.</a>

72000 followers","Anti-Trans,Anti-vaccine,Misinformation,Conspiracies,Climate change denial,Pro-Conservative Party,Anti-left propoganda"
nonnegotiable.brand,"<a href=""https://www.instagram.com/nonnegotiable.brand/"">God âœ Family âœ Country</a>

4500 followers","Anti-Trans,Misinformation,Conspiracies,""Tough on crime"",MAGA,Pro-Conservative Party,Anti-left propoganda"
matpiche,"<a href=""https://www.instagram.com/matpiche/"">Left Socialist Canada. Built in America.</a>

140000 followers","Misinformation,Conspiracies,Anti-tax,Anti-regulation,Anti-left propoganda"
alexa__lavoie,"<a href=""https://www.instagram.com/alexa__lavoie/"">Quebec based journalist for @news.rebel</a>

23000 followers","Misinformation,Conspiracies,Anti-immigration,""Tough on crime"",Anti-left propoganda"
justicecentre,"<a href=""https://www.instagram.com/justicecentre/"">The Justice Centre is a registered charity dedicated to defending the constitutional freedoms of all Canadians</a>

6800 followers","Misinformation,Conspiracies,Anti-left propoganda"
theresistancecc,"<a href=""https://www.instagram.com/theresistancecc/"">Resist Evil. Do Good.</a>

1600 followers","Misinformation,Conspiracies,Christian identity,Anti-government,Anti-tax,Anti-regulation,Climate change denial,Pro-fossil fuels industry,Anti-left propoganda"
riseofalberta,"<a href=""https://www.instagram.com/riseofalberta/"">Accelerating Albertaâ€™s journey toward Independence.</a>

84000 followers","Misinformation,Conspiracies,Alberta separatist,Pro-UCP,Anti-left propoganda"
jeremymackenzie674,"<a href=""https://www.instagram.com/jeremymackenzie674/"">Canadian Nationalist</a>

28000 followers","Misinformation,Conspiracies,Anti-immigration,White identity,Overt racism,Anti-government,Anti-tax,Anti-regulation"
vaccine.choice.canada,"<a href=""https://www.instagram.com/vaccine.choice.canada/"">Federal non-profit educational society helping families make voluntary, informed, and health-conscious choices</a>

51000 followers","Anti-vaccine,Misinformation,Conspiracies"
albertaprosperityproject,"<a href=""https://www.instagram.com/albertaprosperityproject/"">Educating and Advocating For A Sovereign Alberta</a>

30000 followers","Misinformation,Conspiracies,Alberta separatist"
canadians_for_truth,"<a href=""https://www.instagram.com/canadians_for_truth/"">Non-profit organization aimed at bringing Truth, Freedom and Justice to Canadians.</a>

7500 followers","Anti-vaccine,Misinformation,Conspiracies,Christian identity,Alberta separatist"
blue.collar.canada,"<a href=""https://www.instagram.com/blue.collar.canada/"">Canadian Blue Collar Apparel ğŸ‡¨ğŸ‡¦</a>

5500 followers",
danielbulford,"<a href=""https://www.instagram.com/danielbulford/"">Pro-Freedom, Canadian</a>

5500 followers","Anti-vaccine,Misinformation,Conspiracies"
freedomconvoy2022,"<a href=""https://www.instagram.com/freedomconvoy2022/"">2022 Freedom Convoy Documented From Start To Finish</a>

369000 followers","Anti-vaccine,Misinformation,Conspiracies,Pro-Conservative Party,Anti-left propoganda"
liberty_dispatch,"<a href=""https://www.instagram.com/liberty_dispatch/"">Canadian news, culture, and politics from a distinctly Christian worldview</a>

11000 followers","Anti-Trans,Anti-vaccine,Misinformation,Conspiracies,Christian identity,Climate change denial,Anti-left propoganda"
barter_it,"<a href=""https://www.instagram.com/barter_it/"">ğŸ‡¨ğŸ‡¦Launched Oct 1st- Canadaâ€™s Freedom-Loving Barter System! Find your peeps, barter direct or use BITSâ„¢ and shop like-minded businesses!</a>

24000 followers","Anti-vaccine,Misinformation,Conspiracies,Alberta separatist,""Tough on crime"",Anti-tax,Anti-regulation,Pro-Conservative Party,Anti-left propoganda"
sflcanada,"<a href=""https://www.instagram.com/sflcanada/"">Official Canada account for @sfliberty</a>

7700 followers","Anti-tax,Anti-regulation,Anti-left propoganda"
arpacanada,"<a href=""https://www.instagram.com/arpacanada/"">The Association for Reformed Political Action - educating, equipping, and encouraging Christians for political action.</a>

4600 followers",Christian identity
riseup_canada,"<a href=""https://www.instagram.com/riseup_canada/"">Fighting to keep our rights to medical freedom.</a>

57000 followers","Anti-vaccine,Misinformation,Conspiracies,Christian identity"
thenewright_hq,"<a href=""https://www.instagram.com/thenewright_hq/"">God â€¢ Family â€¢ Guns â€¢ Freedom!</a>

1600 followers","Anti-Trans,Anti-vaccine,Misinformation,Conspiracies,Christian identity,Anti-government"
action4canadaofficial,"<a href=""https://www.instagram.com/action4canadaofficial/"">Action4Canada is a national movement reaching out to millions of Canadians.</a>

8400 followers","Anti-Trans,Anti-reconciliation,Anti-vaccine,Misinformation,Conspiracies,Christian identity,White identity,Anti-government,Climate change denial,Anti-left propoganda"
blnewsmedia,"<a href=""https://www.instagram.com/blnewsmedia/"">Support independent media.</a>

20000 followers","Anti-vaccine,Misinformation,Conspiracies,Anti-government"
vets4freedom,"<a href=""https://www.instagram.com/vets4freedom/"">A human rights advocacy and veteran community group in Canada</a>

5400 followers","Anti-Trans,Anti-vaccine,Misinformation,Conspiracies,Anti-government,Climate change denial,MAGA,Anti-left propoganda"
edmontonwildin,"<a href=""https://www.instagram.com/edmontonwildin/"">The good, the bad and the ugly</a>

106000 followers",
samantha_lotus,"<a href=""https://www.instagram.com/samantha_lotus/"">For awake, high-achieving female leaders.</a>

112000 followers","Anti-vaccine,Misinformation,Conspiracies,Christian identity,Alberta separatist,White identity,Anti-left propoganda"
winnipegwildin,"<a href=""https://www.instagram.com/winnipegwildin/"">The Good the Bad and the Ugly</a>

257000 followers",
riseofalberta2.0,"<a href=""https://www.instagram.com/riseofalberta2.0/"">Back up to @riseofalberta</a>

20000 followers","Misinformation,Conspiracies,Alberta separatist,Pro-UCP,Anti-left propoganda"
albertanpatriot,"<a href=""https://www.instagram.com/albertanpatriot/"">Defend the West</a>

10600 followers","Misinformation,Conspiracies,Alberta separatist,Anti-immigration,Overt racism,""Tough on crime"",Anti-left propoganda"
truckingforfreedom,"<a href=""https://www.instagram.com/truckingforfreedom/"">Docuseries built by Canadian creatives | Revealing the factual story of the Freedom Convoy</a>

23000 followers","Anti-vaccine,Misinformation,Conspiracies,Anti-government"
justicecentre,"<a href=""https://www.instagram.com/justicecentre/"">The Justice Centre is a registered charity dedicated to defending the constitutional freedoms of all Canadians</a>

6800 followers",
leadersonthefrontier,"<a href=""https://www.instagram.com/leadersonthefrontier/"">Discussions of common sense and good governance from a non-partisan, cutting-edge think tank.</a>

1200 followers","Anti-reconciliation,Misinformation,Conspiracies,Christian identity,Anti-immigration,Anti-tax,Anti-regulation,Climate change denial,Pro-fossil fuels industry,Anti-left propoganda"
flipcanadablue,"<a href=""https://www.instagram.com/flipcanadablue/"">Going to save CanadağŸ‡¨ğŸ‡¦ by promoting conservative values. Wear your heart in public #FlipCanadaBlue</a>

11800 followers","Anti-Trans,Misinformation,Conspiracies,Christian identity,Anti-immigration,""Tough on crime"",Anti-tax,Anti-regulation,Pro-Conservative Party,Anti-left propoganda"
canadaareweok,"<a href=""https://www.instagram.com/canadaareweok/"">Canada are we ok?</a>

98000 followers","Anti-Trans,Misinformation,Conspiracies,Anti-immigration,Overt racism,""Tough on crime"",Anti-left propoganda"
cdnconfoundation,"<a href=""https://www.instagram.com/cdnconfoundation/"">Legal charity dedicated to defending rights and freedoms.</a>

2800 followers","Misinformation,Conspiracies,Anti-government"
marcusterritory,"<a href=""https://www.instagram.com/marcusterritory/""></a>

43000 followers","Pro-LGBTQ rights,Anti-right propoganda"
grahamistearingup,"<a href=""https://www.instagram.com/grahamistearingup/"">Interne Culture, Media, and Politics.</a>

2700 followers","Anti-MAGA,Anti-misinformation"
nowthatscanadian,"<a href=""https://www.instagram.com/nowthatscanadian/"">Celebrating everything Canadian!</a>

215000 followers","Pro-Liberal Party,Anti-MAGA,Anti-right propoganda"
yukonsblackcomedian,"<a href=""https://www.instagram.com/yukonsblackcomedian/"">I tell jokes make music and cook the dankest food.</a>

39000 followers","Pro-Liberal Party,Pro-Indigenous rights,Pro-LGBTQ rights,Anti-racism,Anti-corporate,Pro-worker,Anti-MAGA,Anti-right propoganda"
adamsusser,"<a href=""https://www.instagram.com/adamsusser/"">Comedian</a>

31000 followers",
604raw,"<a href=""https://www.instagram.com/604raw/"">#1 In Vancouver Lifestyle & Culture ğŸ‡¨ğŸ‡¦</a>

53000 followers","""Tough on crime"""
meanwhileincanada1,"<a href=""https://www.instagram.com/meanwhileincanada1/"">Looking at the lighter side of life in Canada and Canadian politics.</a>

31000 followers","Pro-Liberal Party,Anti-MAGA,Anti-right propoganda"
krassensteins,"<a href=""https://www.instagram.com/krassensteins/"">Journalists, Investors, Fathers, Husbands</a>

124000 followers","Misinformation,Conspiracies,Anti-MAGA,Anti-right propoganda"
_spokemedia,"<a href=""https://www.instagram.com/_spokemedia/"">Deep dives into Canadian issues you should care about.</a>

621 followers","Anti-fossil fuels,Pro-worker,Anti-MAGA,Anti-misinformation,Anti-right propoganda"
oilsandsaction,"<a href=""https://www.instagram.com/oilsandsaction/"">We share facts + positivity about ğŸ‡¨ğŸ‡¦ oil & gas.</a>

30000 followers","Misinformation,Conspiracies,Anti-tax,Anti-regulation,Pro-fossil fuels industry,Corporate propoganda"
lngaction,"<a href=""https://www.instagram.com/lngaction/"">Supporting the development of Canadaâ€™s liquefied natural gas (LNG) sector</a>

108 followers","Misinformation,Conspiracies,Anti-tax,Anti-regulation,Pro-fossil fuels industry,Corporate propoganda"
canadaaction,"<a href=""https://www.instagram.com/canadaaction/"">Canadaâ€™s natural resources are the foundation of our national economy and quality of life.</a>

37800 followers","Misinformation,Conspiracies,Anti-tax,Anti-regulation,Pro-fossil fuels industry,Corporate propoganda"
greatnortherndiscussions,"<a href=""https://www.instagram.com/greatnortherndiscussions/"">WesternğŸ‡¨ğŸ‡¦PodcastğŸ™ï¸| CLIPS PAGE | A Passion for Defending Western Interests | Energy</a>

14200 followers","Anti-Trans,Anti-reconciliation,Anti-vaccine,Misinformation,Conspiracies,Alberta separatist,Anti-government,Anti-tax,Anti-regulation,Climate change denial,Pro-fossil fuels industry,Anti-union,Anti-left propoganda,Corporate propoganda"
indigenousresourcenetwork,"<a href=""https://www.instagram.com/indigenousresourcenetwork/"">A network for Indigenous workers & leaders who support Indigenous involvement in natural resource developmentğŸ‡¨ğŸ‡¦</a>

1700 followers","Pro-fossil fuels industry,Corporate propoganda"
conocophillips,"<a href=""https://www.instagram.com/conocophillips/"">We are a global oil and gas company tasked with an important job - to safely find and deliver energy for the world</a>

41000 followers","Pro-fossil fuels industry,Corporate propoganda"
shifthitfan,"<a href=""https://www.instagram.com/shifthitfan/"">Awake. Not woke. âœï¸ğŸ‡¨ğŸ‡¦</a>

2173 followers","Anti-Trans,Misinformation,Conspiracies,Alberta separatist,Anti-China,Overt racism,""Tough on crime"",MAGA,Pro-Conservative Party,Anti-left propoganda"
nvancaroline,"<a href=""https://www.instagram.com/nvancaroline/"">Mum, hiker, cyclist, North Shore enthusiast. PhD in democratic things. Commentator on political things.</a>

9000 followers","""Tough on crime"",Anti-tax,Anti-regulation,Anti-left propoganda"
rtntoronto,"<a href=""https://www.instagram.com/rtntoronto/"">Content across the Greater Toronto Area ğŸ‡¨ğŸ‡¦</a>

300000 followers","""Tough on crime"",Anti-left propoganda"
karishmaclimategirl,"<a href=""https://www.instagram.com/karishmaclimategirl/"">Climate storyteller</a>

120000 followers","Pro-environment,Anti-fossil fuels,Anti-corporate"
naomiaklein,"<a href=""https://www.instagram.com/naomiaklein/"">Doppelganger. This Changes Everything. The Shock Doctrine. No Logo. On Fire.</a>

128000 followers","Anti-racism,Pro-environment,Anti-fossil fuels,Anti-corporate,Pro-worker,Anti-MAGA,Anti-misinformation"
changecourse_ca,"<a href=""https://www.instagram.com/changecourse_ca/?hl=en"">A youth-led movement ushering in the end of fossil fuel financing</a>

5500 followers","Pro-Indigenous rights,Pro-environment,Anti-fossil fuels,Anti-corporate,Pro-worker,Anti-MAGA,Anti-misinformation"
catabreu_,"<a href=""https://www.instagram.com/catabreu_/?hl=en"">Climate action is my love language</a>

1871 followers","Pro-environment,Anti-fossil fuels,Anti-corporate,Pro-worker"
mike_hudema,"<a href=""https://www.instagram.com/mike_hudema/?hl=en"">Comms Director with @canopyplanet</a>

3700 followers","Pro-environment,Anti-fossil fuels"
canopyplanet,"<a href=""https://www.instagram.com/canopyplanet/?hl=en"">Canopy is an award winning environmental not-for-profit organization</a>

31800 followers",Pro-environment
pacificwild,"<a href=""https://www.instagram.com/pacificwild/?hl=en"">Conservation for the Great Bear Rainforest and beyond.</a>

154000 followers",Pro-environment
sierraclubbc,"<a href=""https://www.instagram.com/sierraclubbc/?hl=en"">Nonprofit organization</a>

19500 followers",Pro-environment
thenarwhalca,"<a href=""https://www.instagram.com/thenarwhalca/?hl=en"">Media/news company</a>

25000 followers","Pro-environment,Anti-fossil fuels"
thenarwhalexplains,"<a href=""https://www.instagram.com/thenarwhalexplains/?hl=en"">Educational videos from The Narwhalâ€™s audience team</a>

565 followers","Pro-Indigenous rights,Pro-environment,Anti-fossil fuels,Anti-misinformation"
desmognews,"<a href=""https://www.instagram.com/desmognews/?hl=en"">Clearing the PR pollution that clouds climate science</a>

1968 followers","Pro-Indigenous rights,Pro-environment,Anti-fossil fuels,Anti-corporate,Pro-worker,Anti-MAGA,Anti-misinformation"
cewilhelmson,"<a href=""https://www.instagram.com/cewilhelmson/?hl=en"">Vancouverite with passion for social change, arts & food.</a>

625 followers","Pro-environment,Anti-misinformation"
landneedsguardians,"<a href=""https://www.instagram.com/landneedsguardians/?hl=en"">A movement growing up from the land and generating long-term support</a>

37000 followers","Pro-Indigenous rights,Pro-environment"
indigenousleadershipinitiative,"<a href=""https://www.instagram.com/indigenousleadershipinitiative/?hl=en"">Strengthening Indigenous leadership on the land and advancing Indigenous-led conservation initiatives across Canada.</a>

11000 followers","Pro-Indigenous rights,Pro-environment"
natureunitedcanada,"<a href=""https://www.instagram.com/natureunitedcanada/?hl=en"">Reimagining conservation in Canada</a>

4600 followers","Pro-Indigenous rights,Pro-environment"
naturecanada_,"<a href=""https://www.instagram.com/naturecanada_/?hl=en"">We're one of Canada's oldest nature conservation charities.</a>

37500 followers",Pro-environment
climateseniors,"<a href=""https://www.instagram.com/climateseniors/?hl=en""></a>

1300 followers","Pro-environment,Anti-fossil fuels,Anti-corporate,Pro-worker,Anti-misinformation"
350canada,"<a href=""https://www.instagram.com/350canada/?hl=en"">Weâ€™re tackling corporate greed and the climate crisis. Letâ€™s build a liveable future for All of Us.</a>

22000 followers","Pro-Indigenous rights,Pro-environment,Anti-fossil fuels,Anti-corporate,Pro-worker,Anti-misinformation,Anti-right propoganda"
canraccanada,"<a href=""https://www.instagram.com/canraccanada/?hl=en""></a>

5800 followers","Pro-Indigenous rights,Pro-environment,Anti-fossil fuels,Pro-worker"
shakeuptheestab,"<a href=""https://www.instagram.com/shakeuptheestab/?hl=en"">Youth-led nonprofit promoting climate justice & political action in what is currently Canada</a>

5700 followers","Pro-Indigenous rights,Anti-racism,Pro-environment"
melina_miyowapan,"<a href=""https://www.instagram.com/melina_miyowapan/?hl=en"">Nehiyaw/Cree Nation+</a>

10000 followers","Pro-Indigenous rights,Pro-environment,Anti-fossil fuels"
sacredearthorg,"<a href=""https://www.instagram.com/sacredearthorg/?hl=en"">Advancing an Indigenous-led Just Transition</a>

1600 followers","Pro-Indigenous rights,Pro-environment,Anti-fossil fuels"
stand.earth,"<a href=""https://www.instagram.com/stand.earth/?hl=en"">Stand for the people and places you love</a>

46000 followers","Pro-Indigenous rights,Pro-environment,Anti-fossil fuels,Anti-corporate,Anti-MAGA,Anti-misinformation"
scientistrebellionturtleisland,"<a href=""https://www.instagram.com/scientistrebellionturtleisland/?hl=en"">Scientists & allies in the so-called US & Canada willing to tell the truth & take action on behalf of the planet</a>

3336 followers","Pro-Indigenous rights,Anti-racism,Pro-environment,Anti-fossil fuels,Anti-corporate,Anti-MAGA,Anti-misinformation"
indigenousclimateaction,"<a href=""https://www.instagram.com/indigenousclimateaction/?hl=en"">Indigenous Climate Justice</a>

90000 followers","Pro-Indigenous rights,Pro-environment,Anti-fossil fuels"
climateemergencyunit,"<a href=""https://www.instagram.com/climateemergencyunit/?hl=en"">Mobilizing Canada for the climate emergency</a>

2100 followers","Pro-Indigenous rights,Pro-environment,Anti-fossil fuels,Pro-worker"
indigclnenergy,"<a href=""https://www.instagram.com/indigclnenergy/?hl=en"">ICE is a non-profit, community driven organization working collaboratively to advance Indigenous leadership</a>

3000 followers","Pro-Indigenous rights,Pro-environment,Anti-fossil fuels"
wellingtonwaterwatchers,"<a href=""https://www.instagram.com/wellingtonwaterwatchers/?hl=en"">Empowering people to work in solidarity towards social justice through the unifying lens of water</a>

4300 followers","Pro-Indigenous rights,Pro-environment,Anti-fossil fuels"
pttp.tv,"<a href=""https://www.instagram.com/pttp.tv/?hl=en"">Docuseries on the #Indigenous-led #cleanenergy revolution in ğŸ‡¨ğŸ‡¦</a>

1095 followers","Pro-Indigenous rights,Pro-environment,Anti-fossil fuels"
raven_trust,"<a href=""https://www.instagram.com/raven_trust/?hl=en"">Working with Indigenous Nations to defend their land, water, rights and culture with access to the courts by raising</a>

30000 followers","Pro-Indigenous rights,Pro-environment,Anti-fossil fuels"
_spokemedia,"<a href=""https://www.instagram.com/_spokemedia/"">Deep dives into Canadian issues you should care about.</a>

575 followers",
drmelissalem,"<a href=""https://www.instagram.com/drmelissalem/"">Past President @cape_doctors</a>

1921 followers","Pro-environment,Anti-misinformation"
sierraclubcanada,"<a href=""https://www.instagram.com/sierraclubcanada/"">Sierra Club Canada Foundation empowers people</a>

2100 followers","Pro-environment,Anti-fossil fuels,Anti-misinformation"
wildernesscommittee,"<a href=""https://www.instagram.com/wildernesscommittee/"">Education & action for nature, wildlife & climate in Canada</a>

2700 followers","Pro-environment,Anti-fossil fuels,Anti-corporate,Anti-misinformation,Anti-right propoganda"
wildlandsleague,"<a href=""https://www.instagram.com/wildlandsleague/"">Conservation charity protecting irreplaceable wilderness</a>

1800 followers","Pro-Indigenous rights,Pro-environment,Anti-fossil fuels,Anti-misinformation"
canadiansorg,"<a href=""https://www.instagram.com/canadiansorg/"">Challenging corporate power + holding governments accountable for</a>

9500 followers","Pro-Indigenous rights,Pro-environment,Anti-fossil fuels,Anti-corporate,Pro-worker,Anti-misinformation"
envirodefence,"<a href=""https://www.instagram.com/envirodefence/"">Defending clean water, a safe climate, and healthy communities</a>

32500 followers","Pro-environment,Anti-fossil fuels,Anti-misinformation,Anti-right propoganda"
severncullissuzuki,"<a href=""https://www.instagram.com/severncullissuzuki/"">Activist for intergenerational justice, language and ecological diversity.</a>

29000 followers","Pro-Indigenous rights,Pro-environment"
centreforclimatejustice,"<a href=""https://www.instagram.com/centreforclimatejustice/"">Advancing urgent community-engaged research & interdisciplinary collaboration to address the climate crisis</a>

3800 followers","Pro-environment,Anti-fossil fuels,Anti-misinformation"
commonhorizoncommun,"<a href=""https://www.instagram.com/commonhorizoncommun/"">Young workers in Canada taking on corporate greed and fighting for climate and affordability solutions.</a>

6500 followers","Pro-environment,Anti-fossil fuels,Anti-corporate,Pro-worker,Anti-misinformation,Anti-right propoganda"
reality_climatique_canada,"<a href=""https://www.instagram.com/reality_climatique_canada/"">Mobilization & education for community-led #ClimateAction</a>

1600 followers",
regeneration.ca,"<a href=""https://www.instagram.com/regeneration.ca/"">Empowering the next generation of leaders to reâ€¢think how the economy can support human and ecological well-being.</a>

2500 followers","Pro-environment,Anti-fossil fuels,Anti-corporate,Pro-worker,Anti-MAGA,Anti-misinformation,Anti-right propoganda"
youthclimatelab,"<a href=""https://www.instagram.com/youthclimatelab/"">We enable and mobilize youth to co-create a just, climate resilient future</a>

8000 followers",Pro-environment
climateactionmb,"<a href=""https://www.instagram.com/climateactionmb/"">Coalition of orgs working on advancing climate action and affordability in Manitoba</a>

3100 followers","Pro-environment,Anti-fossil fuels,Anti-misinformation"
bc_cape,"<a href=""https://www.instagram.com/bc_cape/"">BC committee of @cape_doctors,</a>

584 followers","Pro-environment,Anti-fossil fuels,Anti-misinformation"
greencommunitiescan,"<a href=""https://www.instagram.com/greencommunitiescan/"">We support grassroots-led climate action through leadership, connection, training, and funding.</a>

1600 followers",Pro-environment
Anti-Trans,,IDEA
Anti-reconciliation,,IDEA
Anti-vaccine,,IDEA
Misinformation/Conspiracies,,IDEA
Christian identity,,IDEA
Alberta separatist,,IDEA
Anti-China,,IDEA
Anti-immigration,,IDEA
White identity,,IDEA
Overt racism,,IDEA
"""Tough on crime""",,IDEA
Anti-government,,IDEA
Anti-tax/Anti-regulation,,IDEA
Climate change denial,,IDEA
Pro-fossil fuels industry,,IDEA
Anti-union,,IDEA
MAGA,,IDEA
Pro-Conservative Party,,IDEA
Pro-UCP,,IDEA
Anti-left propoganda,,IDEA
Corporate propoganda,,IDEA
Pro-Liberal Party,,IDEA
Pro-Indigenous rights,,IDEA
Pro-LGBTQ rights,,IDEA
Anti-racism,,IDEA
Pro-environment,,IDEA
Anti-fossil fuels,,IDEA
Anti-corporate,,IDEA
Pro-worker,,IDEA
Anti-MAGA,,IDEA
Anti-misinformation,,IDEA
Pro-NDP,,IDEA
Anti-right propoganda,,IDEA